NYSE,QXM,2010-02-08,2.33,2.52,2.25,2.36,88900,2.36
NYSE,QXM,2010-02-05,2.42,2.42,2.26,2.30,120900,2.30
NYSE,QXM,2010-02-04,2.50,2.50,2.30,2.40,133500,2.40
NYSE,QXM,2010-02-03,2.54,2.56,2.39,2.52,220500,2.52
NYSE,QXM,2010-02-02,2.38,2.55,2.32,2.51,297000,2.51
NYSE,QXM,2010-02-01,2.40,2.45,2.25,2.38,251900,2.38
NYSE,QXM,2010-01-29,2.55,2.60,2.45,2.45,126600,2.45
NYSE,QXM,2010-01-28,2.72,2.75,2.51,2.55,183900,2.55
NYSE,QXM,2010-01-27,2.93,2.93,2.76,2.76,99600,2.76
NYSE,QXM,2010-01-26,2.90,2.98,2.85,2.93,62700,2.93
NYSE,QXM,2010-01-25,3.17,3.17,2.85,2.96,259000,2.96
NYSE,QXM,2010-01-22,3.19,3.24,3.05,3.20,88200,3.20
NYSE,QXM,2010-01-21,3.41,3.41,3.20,3.21,92200,3.21
NYSE,QXM,2010-01-20,3.58,3.58,3.32,3.38,117000,3.38
NYSE,QXM,2010-01-19,3.52,3.59,3.50,3.57,61700,3.57
NYSE,QXM,2010-01-15,3.60,3.62,3.50,3.52,94300,3.52
NYSE,QXM,2010-01-14,3.61,3.65,3.60,3.60,96500,3.60
NYSE,QXM,2010-01-13,3.64,3.65,3.60,3.65,55500,3.65
NYSE,QXM,2010-01-12,3.62,3.67,3.60,3.64,104700,3.64
NYSE,QXM,2010-01-11,3.63,3.68,3.60,3.67,71000,3.67
NYSE,QXM,2010-01-08,3.65,3.68,3.65,3.66,64900,3.66
NYSE,QXM,2010-01-07,3.70,3.70,3.58,3.67,90700,3.67
NYSE,QXM,2010-01-06,3.91,3.91,3.68,3.72,135500,3.72
NYSE,QXM,2010-01-05,3.81,3.91,3.78,3.85,95300,3.85
NYSE,QXM,2010-01-04,3.71,3.81,3.66,3.75,90000,3.75
NYSE,QXM,2009-12-31,3.65,3.80,3.59,3.66,142400,3.66
NYSE,QXM,2009-12-30,3.87,3.90,3.66,3.66,78900,3.66
NYSE,QXM,2009-12-29,3.78,4.00,3.76,3.93,257800,3.93
NYSE,QXM,2009-12-28,3.59,3.68,3.51,3.62,134400,3.62
NYSE,QXM,2009-12-24,3.66,3.73,3.57,3.58,76700,3.58
NYSE,QXM,2009-12-23,3.65,3.79,3.60,3.68,90200,3.68
NYSE,QXM,2009-12-22,3.62,3.65,3.59,3.62,87400,3.62
NYSE,QXM,2009-12-21,3.56,3.75,3.56,3.61,168100,3.61
NYSE,QXM,2009-12-18,3.98,4.05,3.75,3.75,136700,3.75
NYSE,QXM,2009-12-17,4.06,4.14,3.96,3.96,73700,3.96
NYSE,QXM,2009-12-16,4.00,4.30,4.00,4.14,128100,4.14
NYSE,QXM,2009-12-15,4.15,4.15,4.00,4.08,108400,4.08
NYSE,QXM,2009-12-14,4.28,4.28,4.07,4.11,112300,4.11
NYSE,QXM,2009-12-11,4.38,4.82,4.06,4.21,73500,4.21
NYSE,QXM,2009-12-10,4.34,4.39,4.07,4.17,199200,4.17
NYSE,QXM,2009-12-09,4.30,4.40,4.18,4.35,136400,4.35
NYSE,QXM,2009-12-08,4.31,4.44,4.27,4.34,116800,4.34
NYSE,QXM,2009-12-07,4.58,4.67,4.18,4.41,250400,4.41
NYSE,QXM,2009-12-04,4.75,4.90,4.56,4.60,313700,4.60
NYSE,QXM,2009-12-03,5.00,5.14,4.70,4.72,270400,4.72
NYSE,QXM,2009-12-02,4.62,5.20,4.62,4.97,931500,4.97
NYSE,QXM,2009-12-01,4.60,4.73,4.52,4.60,112500,4.60
NYSE,QXM,2009-11-30,4.58,4.64,4.43,4.57,86400,4.57
NYSE,QXM,2009-11-27,4.59,4.59,4.50,4.57,84100,4.57
NYSE,QXM,2009-11-25,4.71,4.77,4.59,4.70,87300,4.70
NYSE,QXM,2009-11-24,4.79,4.79,4.60,4.64,79800,4.64
NYSE,QXM,2009-11-23,4.69,4.73,4.51,4.66,123400,4.66
NYSE,QXM,2009-11-20,4.75,4.75,4.56,4.63,64600,4.63
NYSE,QXM,2009-11-19,4.74,4.83,4.63,4.76,80400,4.76
NYSE,QXM,2009-11-18,4.50,4.79,4.47,4.75,143200,4.75
NYSE,QXM,2009-11-17,4.67,4.85,4.50,4.54,258600,4.54
NYSE,QXM,2009-11-16,4.50,4.73,4.50,4.68,257600,4.68
NYSE,QXM,2009-11-13,4.48,4.52,4.36,4.46,91500,4.46
NYSE,QXM,2009-11-12,4.57,4.64,4.30,4.35,212400,4.35
NYSE,QXM,2009-11-11,4.42,4.67,4.35,4.56,301700,4.56
NYSE,QXM,2009-11-10,4.43,4.43,4.06,4.32,244400,4.32
NYSE,QXM,2009-11-09,4.63,4.64,4.32,4.47,260900,4.47
NYSE,QXM,2009-11-06,4.28,4.43,4.15,4.32,206000,4.32
NYSE,QXM,2009-11-05,4.89,4.97,4.17,4.34,596500,4.34
NYSE,QXM,2009-11-04,4.59,5.24,4.55,4.88,1202000,4.88
NYSE,QXM,2009-11-03,3.90,4.48,3.90,4.46,970600,4.46
NYSE,QXM,2009-11-02,3.09,4.19,3.09,3.84,1161800,3.84
NYSE,QXM,2009-10-30,3.12,3.17,3.02,3.05,86200,3.05
NYSE,QXM,2009-10-29,3.39,3.39,3.04,3.12,153200,3.12
NYSE,QXM,2009-10-28,3.50,3.50,3.20,3.37,137300,3.37
NYSE,QXM,2009-10-27,3.48,3.55,3.46,3.49,53900,3.49
NYSE,QXM,2009-10-26,3.62,3.68,3.43,3.48,88100,3.48
NYSE,QXM,2009-10-23,3.55,3.72,3.50,3.59,136700,3.59
NYSE,QXM,2009-10-22,3.36,3.55,3.34,3.49,127200,3.49
NYSE,QXM,2009-10-21,3.26,3.36,3.26,3.33,78500,3.33
NYSE,QXM,2009-10-20,3.28,3.38,3.26,3.26,119700,3.26
NYSE,QXM,2009-10-19,3.28,3.30,3.20,3.28,104300,3.28
NYSE,QXM,2009-10-16,3.27,3.29,3.26,3.26,136200,3.26
NYSE,QXM,2009-10-15,3.23,3.30,3.16,3.25,59000,3.25
NYSE,QXM,2009-10-14,3.35,3.36,3.21,3.23,197100,3.23
NYSE,QXM,2009-10-13,3.25,3.33,3.25,3.29,49600,3.29
NYSE,QXM,2009-10-12,3.28,3.33,3.19,3.30,197600,3.30
NYSE,QXM,2009-10-09,2.97,3.14,2.95,3.14,77800,3.14
NYSE,QXM,2009-10-08,2.87,2.99,2.87,2.95,24700,2.95
NYSE,QXM,2009-10-07,2.86,3.00,2.86,2.96,55700,2.96
NYSE,QXM,2009-10-06,2.95,2.99,2.90,2.96,35000,2.96
NYSE,QXM,2009-10-05,2.97,2.97,2.81,2.95,33000,2.95
NYSE,QXM,2009-10-02,2.85,2.97,2.75,2.97,63400,2.97
NYSE,QXM,2009-10-01,2.86,2.94,2.85,2.86,33300,2.86
NYSE,QXM,2009-09-30,2.89,2.92,2.85,2.89,20300,2.89
NYSE,QXM,2009-09-29,2.93,3.04,2.89,2.89,50500,2.89
NYSE,QXM,2009-09-28,2.86,2.96,2.85,2.91,36200,2.91
NYSE,QXM,2009-09-25,2.95,2.97,2.76,2.90,94500,2.90
NYSE,QXM,2009-09-24,3.14,3.14,2.94,2.97,95200,2.97
NYSE,QXM,2009-09-23,3.03,3.15,3.02,3.11,144600,3.11
NYSE,QXM,2009-09-22,2.87,3.05,2.87,3.04,70800,3.04
NYSE,QXM,2009-09-21,3.00,3.00,2.80,2.90,15500,2.90
NYSE,QXM,2009-09-18,3.04,3.05,2.91,2.91,31300,2.91
NYSE,QXM,2009-09-17,2.95,3.05,2.86,2.99,65600,2.99
NYSE,QXM,2009-09-16,2.99,2.99,2.82,2.95,67900,2.95
NYSE,QXM,2009-09-15,2.92,2.96,2.90,2.91,44400,2.91
NYSE,QXM,2009-09-14,2.88,2.92,2.75,2.92,32600,2.92
NYSE,QXM,2009-09-11,2.86,2.97,2.84,2.87,32500,2.87
NYSE,QXM,2009-09-10,2.91,2.93,2.76,2.85,46500,2.85
NYSE,QXM,2009-09-09,2.85,2.92,2.82,2.91,53900,2.91
NYSE,QXM,2009-09-08,2.87,3.00,2.80,2.88,50800,2.88
NYSE,QXM,2009-09-04,2.70,2.75,2.68,2.75,25700,2.75
NYSE,QXM,2009-09-03,2.60,2.66,2.55,2.66,33100,2.66
NYSE,QXM,2009-09-02,2.66,2.70,2.52,2.52,93100,2.52
NYSE,QXM,2009-09-01,2.83,2.92,2.69,2.70,63100,2.70
NYSE,QXM,2009-08-31,2.98,2.98,2.80,2.82,43000,2.82
NYSE,QXM,2009-08-28,2.93,3.09,2.92,3.02,33000,3.02
NYSE,QXM,2009-08-27,3.05,3.10,2.90,2.92,41200,2.92
NYSE,QXM,2009-08-26,3.14,3.14,3.02,3.10,57100,3.10
NYSE,QXM,2009-08-25,2.81,3.13,2.81,3.10,107600,3.10
NYSE,QXM,2009-08-24,2.72,2.82,2.62,2.80,50400,2.80
NYSE,QXM,2009-08-21,2.69,2.75,2.62,2.67,74100,2.67
NYSE,QXM,2009-08-20,2.64,2.71,2.64,2.69,25400,2.69
NYSE,QXM,2009-08-19,2.71,2.74,2.61,2.68,44200,2.68
NYSE,QXM,2009-08-18,2.75,2.76,2.60,2.72,59700,2.72
NYSE,QXM,2009-08-17,2.91,2.91,2.75,2.79,109800,2.79
NYSE,QXM,2009-08-14,3.02,3.07,2.93,3.00,29900,3.00
NYSE,QXM,2009-08-13,3.22,3.25,3.02,3.05,59600,3.05
NYSE,QXM,2009-08-12,3.18,3.25,3.03,3.24,114100,3.24
NYSE,QXM,2009-08-11,3.39,3.39,3.21,3.25,66900,3.25
NYSE,QXM,2009-08-10,3.20,3.33,3.20,3.33,55800,3.33
NYSE,QXM,2009-08-07,3.15,3.25,3.14,3.19,155800,3.19
NYSE,QXM,2009-08-06,3.17,3.17,3.10,3.15,57700,3.15
NYSE,QXM,2009-08-05,3.14,3.20,3.14,3.17,22000,3.17
NYSE,QXM,2009-08-04,3.24,3.24,3.10,3.11,74000,3.11
NYSE,QXM,2009-08-03,3.20,3.25,3.10,3.23,61600,3.23
NYSE,QXM,2009-07-31,3.20,3.25,3.17,3.24,54700,3.24
NYSE,QXM,2009-07-30,3.27,3.32,3.23,3.25,65000,3.25
NYSE,QXM,2009-07-29,3.27,3.35,3.20,3.30,49900,3.30
NYSE,QXM,2009-07-28,3.22,3.30,3.17,3.30,52000,3.30
NYSE,QXM,2009-07-27,3.09,3.29,3.09,3.24,76500,3.24
NYSE,QXM,2009-07-24,3.06,3.19,3.05,3.12,28200,3.12
NYSE,QXM,2009-07-23,3.01,3.10,2.97,3.05,41800,3.05
NYSE,QXM,2009-07-22,3.12,3.20,2.86,2.99,94800,2.99
NYSE,QXM,2009-07-21,3.20,3.24,3.10,3.15,24200,3.15
NYSE,QXM,2009-07-20,3.15,3.24,3.15,3.16,45700,3.16
NYSE,QXM,2009-07-17,3.20,3.20,3.15,3.15,25700,3.15
NYSE,QXM,2009-07-16,3.13,3.20,3.09,3.16,20400,3.16
NYSE,QXM,2009-07-15,3.13,3.17,3.00,3.15,34800,3.15
NYSE,QXM,2009-07-14,3.20,3.20,2.86,2.99,27800,2.99
NYSE,QXM,2009-07-13,2.93,2.95,2.75,2.91,113100,2.91
NYSE,QXM,2009-07-10,3.05,3.05,2.91,2.94,28900,2.94
NYSE,QXM,2009-07-09,3.15,3.15,3.06,3.06,20100,3.06
NYSE,QXM,2009-07-08,3.38,3.45,3.04,3.08,100600,3.08
NYSE,QXM,2009-07-07,2.99,3.58,2.90,3.27,159000,3.27
NYSE,QXM,2009-07-06,3.10,3.10,2.90,3.04,45200,3.04
NYSE,QXM,2009-07-02,3.00,3.10,2.96,3.10,59800,3.10
NYSE,QXM,2009-07-01,3.00,3.07,2.93,3.00,31000,3.00
NYSE,QXM,2009-06-30,2.96,2.99,2.86,2.92,32100,2.92
NYSE,QXM,2009-06-29,3.11,3.16,2.93,2.93,66000,2.93
NYSE,QXM,2009-06-26,3.11,3.17,3.11,3.13,9200,3.13
NYSE,QXM,2009-06-25,2.99,3.18,2.97,3.16,55400,3.16
NYSE,QXM,2009-06-24,3.05,3.05,2.95,2.98,38100,2.98
NYSE,QXM,2009-06-23,3.03,3.07,2.91,2.93,94400,2.93
NYSE,QXM,2009-06-22,3.15,3.20,3.00,3.05,115100,3.05
NYSE,QXM,2009-06-19,3.26,3.27,3.08,3.15,45900,3.15
NYSE,QXM,2009-06-18,3.13,3.30,3.13,3.24,17800,3.24
NYSE,QXM,2009-06-17,3.39,3.39,3.08,3.21,97300,3.21
NYSE,QXM,2009-06-16,3.24,3.40,3.24,3.28,43700,3.28
NYSE,QXM,2009-06-15,3.25,3.25,3.20,3.25,124800,3.25
NYSE,QXM,2009-06-12,3.30,3.50,3.25,3.26,132300,3.26
NYSE,QXM,2009-06-11,3.46,3.51,3.32,3.32,100500,3.32
NYSE,QXM,2009-06-10,3.71,3.71,3.33,3.45,171200,3.45
NYSE,QXM,2009-06-09,3.99,4.00,3.53,3.58,147200,3.58
NYSE,QXM,2009-06-08,4.11,4.11,3.91,3.95,27400,3.95
NYSE,QXM,2009-06-05,4.29,4.29,3.90,4.00,56300,4.00
NYSE,QXM,2009-06-04,4.11,4.15,3.95,3.97,47400,3.97
NYSE,QXM,2009-06-03,4.20,4.30,4.05,4.09,121700,4.09
NYSE,QXM,2009-06-02,3.90,4.33,3.90,4.10,151400,4.10
NYSE,QXM,2009-06-01,3.60,3.95,3.60,3.85,70100,3.85
NYSE,QXM,2009-05-29,3.75,3.79,3.51,3.60,68300,3.60
NYSE,QXM,2009-05-28,3.72,3.85,3.60,3.69,43500,3.69
NYSE,QXM,2009-05-27,3.78,3.89,3.72,3.73,71000,3.73
NYSE,QXM,2009-05-26,3.88,3.88,3.56,3.71,55800,3.71
NYSE,QXM,2009-05-22,3.65,3.88,3.60,3.61,54900,3.61
NYSE,QXM,2009-05-21,4.06,4.06,3.65,3.71,77000,3.71
NYSE,QXM,2009-05-20,3.75,4.05,3.75,3.78,116000,3.78
NYSE,QXM,2009-05-19,3.48,3.75,3.48,3.75,70400,3.75
NYSE,QXM,2009-05-18,3.37,3.50,3.35,3.48,48900,3.48
NYSE,QXM,2009-05-15,3.44,3.60,3.36,3.38,82600,3.38
NYSE,QXM,2009-05-14,3.15,3.58,3.10,3.50,144700,3.50
NYSE,QXM,2009-05-13,3.45,3.45,3.04,3.15,150300,3.15
NYSE,QXM,2009-05-12,3.40,3.59,3.35,3.50,189000,3.50
NYSE,QXM,2009-05-11,3.09,3.40,3.09,3.28,153600,3.28
NYSE,QXM,2009-05-08,2.99,3.12,2.89,3.06,150200,3.06
NYSE,QXM,2009-05-07,3.44,3.44,2.85,2.89,81400,2.89
NYSE,QXM,2009-05-06,3.10,3.14,2.95,2.99,72200,2.99
NYSE,QXM,2009-05-05,2.95,3.10,2.95,3.03,87500,3.03
NYSE,QXM,2009-05-04,3.00,3.00,2.88,2.95,120300,2.95
NYSE,QXM,2009-05-01,2.82,2.82,2.76,2.81,38500,2.81
NYSE,QXM,2009-04-30,2.72,2.85,2.72,2.78,45700,2.78
NYSE,QXM,2009-04-29,2.70,2.72,2.67,2.72,50300,2.72
NYSE,QXM,2009-04-28,2.55,2.69,2.55,2.67,38800,2.67
NYSE,QXM,2009-04-27,2.62,2.67,2.56,2.65,56400,2.65
NYSE,QXM,2009-04-24,2.70,2.74,2.67,2.73,92100,2.73
NYSE,QXM,2009-04-23,2.55,2.67,2.55,2.65,43300,2.65
NYSE,QXM,2009-04-22,2.51,2.60,2.51,2.53,50500,2.53
NYSE,QXM,2009-04-21,2.45,2.55,2.45,2.50,18800,2.50
NYSE,QXM,2009-04-20,2.66,2.67,2.50,2.50,50800,2.50
NYSE,QXM,2009-04-17,2.55,2.65,2.52,2.64,53900,2.64
NYSE,QXM,2009-04-16,2.60,2.60,2.47,2.50,69700,2.50
NYSE,QXM,2009-04-15,2.56,2.60,2.53,2.54,38700,2.54
NYSE,QXM,2009-04-14,2.69,2.69,2.42,2.55,210600,2.55
NYSE,QXM,2009-04-13,2.58,2.60,2.51,2.60,78100,2.60
NYSE,QXM,2009-04-09,2.30,2.58,2.30,2.58,152100,2.58
NYSE,QXM,2009-04-08,2.33,2.36,2.25,2.30,19000,2.30
NYSE,QXM,2009-04-07,2.36,2.40,2.21,2.30,53000,2.30
NYSE,QXM,2009-04-06,2.29,2.45,2.15,2.36,112600,2.36
NYSE,QXM,2009-04-03,2.15,2.16,2.00,2.11,27500,2.11
NYSE,QXM,2009-04-02,2.06,2.19,2.05,2.13,34700,2.13
NYSE,QXM,2009-04-01,2.02,2.08,2.02,2.06,7900,2.06
NYSE,QXM,2009-03-31,1.90,2.04,1.90,2.01,32200,2.01
NYSE,QXM,2009-03-30,2.19,2.19,1.85,1.85,111200,1.85
NYSE,QXM,2009-03-27,2.39,2.39,2.16,2.21,55200,2.21
NYSE,QXM,2009-03-26,2.39,2.39,2.35,2.39,47400,2.39
NYSE,QXM,2009-03-25,2.32,2.39,2.27,2.30,23000,2.30
NYSE,QXM,2009-03-24,2.17,2.35,2.17,2.30,32600,2.30
NYSE,QXM,2009-03-23,2.40,2.40,2.17,2.32,66700,2.32
NYSE,QXM,2009-03-20,1.92,2.17,1.90,2.15,66600,2.15
NYSE,QXM,2009-03-19,2.23,2.23,1.67,1.87,91100,1.87
NYSE,QXM,2009-03-18,1.97,2.10,1.97,2.06,28800,2.06
NYSE,QXM,2009-03-17,2.07,2.07,1.95,2.02,36400,2.02
NYSE,QXM,2009-03-16,2.10,2.12,2.06,2.08,19600,2.08
NYSE,QXM,2009-03-13,2.04,2.10,2.04,2.10,15500,2.10
NYSE,QXM,2009-03-12,1.85,2.05,1.85,2.04,28300,2.04
NYSE,QXM,2009-03-11,1.88,1.92,1.74,1.89,48200,1.89
NYSE,QXM,2009-03-10,1.52,1.90,1.52,1.85,104500,1.85
NYSE,QXM,2009-03-09,1.51,1.55,1.32,1.48,121200,1.48
NYSE,QXM,2009-03-06,1.61,1.67,1.59,1.60,71800,1.60
NYSE,QXM,2009-03-05,1.89,1.89,1.64,1.65,37400,1.65
NYSE,QXM,2009-03-04,1.86,1.86,1.70,1.86,31900,1.86
NYSE,QXM,2009-03-03,1.80,1.81,1.61,1.61,49600,1.61
NYSE,QXM,2009-03-02,1.84,1.90,1.78,1.83,45300,1.83
NYSE,QXM,2009-02-27,2.05,2.05,1.70,1.95,163500,1.95
NYSE,QXM,2009-02-26,2.08,2.10,2.00,2.02,28600,2.02
NYSE,QXM,2009-02-25,2.40,2.40,2.09,2.10,29700,2.10
NYSE,QXM,2009-02-24,2.00,2.14,1.98,2.13,34500,2.13
NYSE,QXM,2009-02-23,2.08,2.20,2.07,2.07,26700,2.07
NYSE,QXM,2009-02-20,2.06,2.08,1.92,2.08,82600,2.08
NYSE,QXM,2009-02-19,2.19,2.24,2.08,2.10,36900,2.10
NYSE,QXM,2009-02-18,2.38,2.38,2.03,2.15,40200,2.15
NYSE,QXM,2009-02-17,2.30,2.35,1.98,2.11,116900,2.11
NYSE,QXM,2009-02-13,2.40,2.47,2.36,2.36,15300,2.36
NYSE,QXM,2009-02-12,2.58,2.58,2.48,2.49,9100,2.49
NYSE,QXM,2009-02-11,2.56,2.60,2.56,2.58,13700,2.58
NYSE,QXM,2009-02-10,2.54,2.70,2.51,2.53,90400,2.53
NYSE,QXM,2009-02-09,2.33,2.66,2.33,2.55,115600,2.55
NYSE,QXM,2009-02-06,2.13,2.34,2.13,2.25,69800,2.25
NYSE,QXM,2009-02-05,2.54,2.54,2.04,2.16,39400,2.16
NYSE,QXM,2009-02-04,2.11,2.15,2.08,2.15,43900,2.15
NYSE,QXM,2009-02-03,2.02,2.11,2.01,2.10,193300,2.10
NYSE,QXM,2009-02-02,2.05,2.06,2.01,2.01,21400,2.01
NYSE,QXM,2009-01-30,2.05,2.15,2.02,2.10,41100,2.10
NYSE,QXM,2009-01-29,2.20,2.20,2.11,2.11,11200,2.11
NYSE,QXM,2009-01-28,2.10,2.27,2.10,2.25,63200,2.25
NYSE,QXM,2009-01-27,2.20,2.25,2.14,2.14,23200,2.14
NYSE,QXM,2009-01-26,2.05,2.24,2.05,2.24,43200,2.24
NYSE,QXM,2009-01-23,1.84,2.13,1.84,2.11,68200,2.11
NYSE,QXM,2009-01-22,2.30,2.30,2.00,2.02,262600,2.02
NYSE,QXM,2009-01-21,2.20,2.40,2.20,2.28,32300,2.28
NYSE,QXM,2009-01-20,2.49,2.49,2.24,2.25,52700,2.25
NYSE,QXM,2009-01-16,2.50,2.53,2.40,2.48,70200,2.48
NYSE,QXM,2009-01-15,2.69,2.75,2.49,2.50,100900,2.50
NYSE,QXM,2009-01-14,2.50,2.71,2.46,2.69,72800,2.69
NYSE,QXM,2009-01-13,2.55,2.59,2.46,2.55,57700,2.55
NYSE,QXM,2009-01-12,2.90,2.95,2.56,2.58,128800,2.58
NYSE,QXM,2009-01-09,2.76,2.93,2.76,2.88,77100,2.88
NYSE,QXM,2009-01-08,2.66,2.78,2.61,2.76,134500,2.76
NYSE,QXM,2009-01-07,2.65,2.70,2.50,2.70,105900,2.70
NYSE,QXM,2009-01-06,2.70,2.78,2.50,2.73,213500,2.73
NYSE,QXM,2009-01-05,2.60,2.80,2.42,2.75,74400,2.75
NYSE,QXM,2009-01-02,2.52,2.68,2.49,2.65,104900,2.65
NYSE,QXM,2008-12-31,2.58,2.59,2.50,2.54,51100,2.54
NYSE,QXM,2008-12-30,2.43,2.60,2.29,2.60,232300,2.60
NYSE,QXM,2008-12-29,2.25,2.48,2.23,2.48,55200,2.48
NYSE,QXM,2008-12-26,2.19,3.09,2.15,2.25,52200,2.25
NYSE,QXM,2008-12-24,2.78,2.78,2.23,2.25,12400,2.25
NYSE,QXM,2008-12-23,2.36,2.36,2.17,2.25,23300,2.25
NYSE,QXM,2008-12-22,2.42,2.44,2.28,2.30,42000,2.30
NYSE,QXM,2008-12-19,2.33,2.54,2.33,2.42,48300,2.42
NYSE,QXM,2008-12-18,2.71,2.71,2.40,2.40,107000,2.40
NYSE,QXM,2008-12-17,2.85,2.85,2.43,2.46,96000,2.46
NYSE,QXM,2008-12-16,2.87,2.87,2.50,2.59,57000,2.59
NYSE,QXM,2008-12-15,2.86,2.86,2.61,2.61,23700,2.61
NYSE,QXM,2008-12-12,3.00,3.00,2.78,2.83,95000,2.83
NYSE,QXM,2008-12-11,3.05,3.17,3.00,3.08,61600,3.08
NYSE,QXM,2008-12-10,2.93,3.18,2.89,3.06,123000,3.06
NYSE,QXM,2008-12-09,2.67,2.99,2.67,2.88,120900,2.88
NYSE,QXM,2008-12-08,2.72,2.79,2.51,2.74,142100,2.74
NYSE,QXM,2008-12-05,2.65,2.75,2.52,2.75,45900,2.75
NYSE,QXM,2008-12-04,2.80,2.80,2.60,2.66,32000,2.66
NYSE,QXM,2008-12-03,2.85,2.85,2.61,2.85,97800,2.85
NYSE,QXM,2008-12-02,2.90,2.90,2.61,2.69,74200,2.69
NYSE,QXM,2008-12-01,2.45,2.65,2.20,2.57,120700,2.57
NYSE,QXM,2008-11-28,2.48,2.59,2.48,2.58,19500,2.58
NYSE,QXM,2008-11-26,2.03,2.50,2.00,2.49,85000,2.49
NYSE,QXM,2008-11-25,2.10,2.75,1.96,2.01,38200,2.01
NYSE,QXM,2008-11-24,2.00,2.07,1.72,2.07,65100,2.07
NYSE,QXM,2008-11-21,1.89,1.99,1.70,1.97,169300,1.97
NYSE,QXM,2008-11-20,2.03,2.10,1.80,1.82,83200,1.82
NYSE,QXM,2008-11-19,2.40,2.41,2.10,2.10,56500,2.10
NYSE,QXM,2008-11-18,2.73,2.73,2.43,2.44,66300,2.44
NYSE,QXM,2008-11-17,2.74,2.80,2.73,2.74,25300,2.74
NYSE,QXM,2008-11-14,2.94,3.18,2.72,2.85,350500,2.85
NYSE,QXM,2008-11-13,2.46,2.87,2.40,2.81,76200,2.81
NYSE,QXM,2008-11-12,2.60,2.62,2.45,2.49,68500,2.49
NYSE,QXM,2008-11-11,2.53,2.65,2.48,2.62,46400,2.62
NYSE,QXM,2008-11-10,2.77,2.78,2.56,2.59,48600,2.59
NYSE,QXM,2008-11-07,2.51,2.55,2.50,2.52,22100,2.52
NYSE,QXM,2008-11-06,2.66,2.66,2.49,2.49,63100,2.49
NYSE,QXM,2008-11-05,2.90,3.00,2.74,2.74,111900,2.74
NYSE,QXM,2008-11-04,2.80,2.90,2.79,2.89,108200,2.89
NYSE,QXM,2008-11-03,2.75,2.77,2.68,2.73,40600,2.73
NYSE,QXM,2008-10-31,2.60,2.69,2.50,2.63,109000,2.63
NYSE,QXM,2008-10-30,2.66,2.89,2.47,2.54,59100,2.54
NYSE,QXM,2008-10-29,2.50,2.53,2.38,2.49,83500,2.49
NYSE,QXM,2008-10-28,2.40,2.55,2.28,2.43,217500,2.43
NYSE,QXM,2008-10-27,2.15,2.45,2.07,2.35,121600,2.35
NYSE,QXM,2008-10-24,2.08,2.26,1.94,2.19,137200,2.19
NYSE,QXM,2008-10-23,2.51,2.51,2.12,2.36,86200,2.36
NYSE,QXM,2008-10-22,2.87,2.87,2.30,2.40,127300,2.40
NYSE,QXM,2008-10-21,2.69,3.40,2.69,2.82,168100,2.82
NYSE,QXM,2008-10-20,2.49,3.00,2.39,2.68,159700,2.68
NYSE,QXM,2008-10-17,2.25,2.42,2.18,2.36,106900,2.36
NYSE,QXM,2008-10-16,2.22,2.28,2.06,2.28,61000,2.28
NYSE,QXM,2008-10-15,2.53,2.53,2.15,2.15,146600,2.15
NYSE,QXM,2008-10-14,2.58,2.58,2.33,2.36,106200,2.36
NYSE,QXM,2008-10-13,2.20,2.39,2.05,2.39,19500,2.39
NYSE,QXM,2008-10-10,1.80,2.00,1.56,1.95,196100,1.95
NYSE,QXM,2008-10-09,1.92,2.15,1.90,1.91,151800,1.91
NYSE,QXM,2008-10-08,2.00,2.09,1.86,1.95,238100,1.95
NYSE,QXM,2008-10-07,2.38,2.42,2.01,2.05,237700,2.05
NYSE,QXM,2008-10-06,2.80,2.80,2.36,2.46,294400,2.46
NYSE,QXM,2008-10-03,2.88,2.97,2.75,2.81,90000,2.81
NYSE,QXM,2008-10-02,3.00,3.00,2.85,2.86,146300,2.86
NYSE,QXM,2008-10-01,3.01,3.10,2.97,2.99,99800,2.99
NYSE,QXM,2008-09-30,3.05,3.05,2.91,3.04,101300,3.04
NYSE,QXM,2008-09-29,3.20,3.31,2.95,2.98,219100,2.98
NYSE,QXM,2008-09-26,3.30,3.34,3.16,3.31,158000,3.31
NYSE,QXM,2008-09-25,3.11,4.00,3.11,3.33,172700,3.33
NYSE,QXM,2008-09-24,3.14,3.25,3.07,3.17,76100,3.17
NYSE,QXM,2008-09-23,3.29,3.38,3.18,3.25,187700,3.25
NYSE,QXM,2008-09-22,3.55,3.64,3.33,3.39,255400,3.39
NYSE,QXM,2008-09-19,3.16,3.60,3.16,3.49,312400,3.49
NYSE,QXM,2008-09-18,2.99,3.04,2.81,3.03,343300,3.03
NYSE,QXM,2008-09-17,3.07,3.21,2.79,2.90,448800,2.90
NYSE,QXM,2008-09-16,3.15,3.25,3.00,3.18,468900,3.18
NYSE,QXM,2008-09-15,3.61,3.69,3.13,3.27,316700,3.27
NYSE,QXM,2008-09-12,4.22,4.22,3.33,3.75,1338900,3.75
NYSE,QXM,2008-09-11,4.58,4.58,4.32,4.38,231900,4.38
NYSE,QXM,2008-09-10,4.70,4.70,4.50,4.58,94100,4.58
NYSE,QXM,2008-09-09,4.75,4.81,4.60,4.63,286500,4.63
NYSE,QXM,2008-09-08,4.57,4.75,4.57,4.72,316900,4.72
NYSE,QXM,2008-09-05,4.55,4.63,4.52,4.61,138400,4.61
NYSE,QXM,2008-09-04,4.85,4.86,4.54,4.56,217100,4.56
NYSE,QXM,2008-09-03,4.88,4.93,4.78,4.82,93400,4.82
NYSE,QXM,2008-09-02,4.97,5.05,4.75,4.82,202300,4.82
NYSE,QXM,2008-08-29,5.01,5.03,4.92,4.96,108900,4.96
NYSE,QXM,2008-08-28,4.93,5.05,4.93,4.98,88700,4.98
NYSE,QXM,2008-08-27,4.90,5.01,4.83,4.93,94800,4.93
NYSE,QXM,2008-08-26,5.04,5.08,4.88,4.89,131100,4.89
NYSE,QXM,2008-08-25,5.22,5.22,4.91,5.01,156100,5.01
NYSE,QXM,2008-08-22,5.25,5.40,4.97,5.15,179400,5.15
NYSE,QXM,2008-08-21,5.55,5.57,5.17,5.27,255000,5.27
NYSE,QXM,2008-08-20,5.43,5.59,5.32,5.57,96000,5.57
NYSE,QXM,2008-08-19,5.60,5.60,5.30,5.31,107700,5.31
NYSE,QXM,2008-08-18,5.95,5.95,5.48,5.60,171000,5.60
NYSE,QXM,2008-08-15,6.06,6.24,5.75,5.96,313700,5.96
NYSE,QXM,2008-08-14,6.33,6.47,5.97,6.15,328400,6.15
NYSE,QXM,2008-08-13,5.85,6.31,5.79,6.18,544900,6.18
NYSE,QXM,2008-08-12,6.10,6.10,5.57,5.86,395700,5.86
NYSE,QXM,2008-08-11,4.96,6.04,4.96,5.75,410700,5.75
NYSE,QXM,2008-08-08,4.92,4.93,4.81,4.89,66100,4.89
NYSE,QXM,2008-08-07,5.01,5.01,4.85,4.89,40300,4.89
NYSE,QXM,2008-08-06,4.84,5.02,4.80,4.97,130000,4.97
NYSE,QXM,2008-08-05,5.50,5.50,4.73,4.78,444500,4.78
NYSE,QXM,2008-08-04,5.85,5.85,5.54,5.58,63900,5.58
NYSE,QXM,2008-08-01,5.70,5.75,5.49,5.63,64300,5.63
NYSE,QXM,2008-07-31,5.66,5.75,5.60,5.62,52100,5.62
NYSE,QXM,2008-07-30,5.83,5.85,5.62,5.65,53300,5.65
NYSE,QXM,2008-07-29,5.57,5.80,5.55,5.70,62000,5.70
NYSE,QXM,2008-07-28,5.81,5.81,5.54,5.57,90800,5.57
NYSE,QXM,2008-07-25,5.60,5.78,5.60,5.70,93600,5.70
NYSE,QXM,2008-07-24,5.86,6.03,5.63,5.67,139100,5.67
NYSE,QXM,2008-07-23,5.75,5.94,5.55,5.94,127300,5.94
NYSE,QXM,2008-07-22,5.75,5.75,5.50,5.71,90500,5.71
NYSE,QXM,2008-07-21,5.47,5.70,5.42,5.69,89000,5.69
NYSE,QXM,2008-07-18,5.40,5.44,5.21,5.40,59000,5.40
NYSE,QXM,2008-07-17,5.41,5.47,5.27,5.30,95800,5.30
NYSE,QXM,2008-07-16,5.20,5.40,5.05,5.35,123900,5.35
NYSE,QXM,2008-07-15,5.25,5.27,4.91,5.25,140800,5.25
NYSE,QXM,2008-07-14,4.72,5.45,4.72,5.17,338700,5.17
NYSE,QXM,2008-07-11,4.65,4.65,4.46,4.55,186600,4.55
NYSE,QXM,2008-07-10,4.54,4.74,4.54,4.59,100500,4.59
NYSE,QXM,2008-07-09,4.79,4.96,4.56,4.59,136400,4.59
NYSE,QXM,2008-07-08,4.50,4.88,4.48,4.75,198000,4.75
NYSE,QXM,2008-07-07,4.71,4.83,4.44,4.44,166300,4.44
NYSE,QXM,2008-07-03,4.89,4.89,4.58,4.63,59900,4.63
NYSE,QXM,2008-07-02,4.71,4.85,4.54,4.85,148800,4.85
NYSE,QXM,2008-07-01,4.85,4.93,4.70,4.71,84800,4.71
NYSE,QXM,2008-06-30,5.00,5.10,4.90,4.93,207700,4.93
NYSE,QXM,2008-06-27,5.10,5.10,4.78,5.05,100300,5.05
NYSE,QXM,2008-06-26,5.18,5.20,5.06,5.09,56400,5.09
NYSE,QXM,2008-06-25,5.18,5.27,5.13,5.13,60900,5.13
NYSE,QXM,2008-06-24,5.01,5.35,4.85,5.18,190600,5.18
NYSE,QXM,2008-06-23,5.32,5.53,5.03,5.05,234700,5.05
NYSE,QXM,2008-06-20,5.19,5.24,5.12,5.21,75600,5.21
NYSE,QXM,2008-06-19,5.31,5.31,5.19,5.27,89600,5.27
NYSE,QXM,2008-06-18,5.45,5.45,5.21,5.33,125200,5.33
NYSE,QXM,2008-06-17,5.44,5.45,5.35,5.41,91400,5.41
NYSE,QXM,2008-06-16,5.41,5.41,5.29,5.37,93900,5.37
NYSE,QXM,2008-06-13,5.20,5.37,5.14,5.26,328900,5.26
NYSE,QXM,2008-06-12,5.44,5.44,5.10,5.16,256000,5.16
NYSE,QXM,2008-06-11,5.32,5.40,5.18,5.27,154400,5.27
NYSE,QXM,2008-06-10,5.53,5.53,5.15,5.30,328600,5.30
NYSE,QXM,2008-06-09,5.76,5.80,5.41,5.62,241900,5.62
NYSE,QXM,2008-06-06,6.00,6.00,5.57,5.70,430100,5.70
NYSE,QXM,2008-06-05,6.10,6.15,5.97,6.03,308600,6.03
NYSE,QXM,2008-06-04,6.12,6.14,6.06,6.10,124600,6.10
NYSE,QXM,2008-06-03,6.07,6.17,6.00,6.11,147500,6.11
NYSE,QXM,2008-06-02,6.25,6.25,6.00,6.09,230100,6.09
NYSE,QXM,2008-05-30,6.20,6.39,6.07,6.19,264600,6.19
NYSE,QXM,2008-05-29,6.25,6.25,6.08,6.11,113600,6.11
NYSE,QXM,2008-05-28,6.18,6.51,6.10,6.20,328400,6.20
NYSE,QXM,2008-05-27,6.39,6.45,6.02,6.22,239500,6.22
NYSE,QXM,2008-05-23,6.35,6.35,6.14,6.31,227200,6.31
NYSE,QXM,2008-05-22,6.28,6.36,6.08,6.35,299200,6.35
NYSE,QXM,2008-05-21,6.80,6.80,6.04,6.19,1000500,6.19
NYSE,QXM,2008-05-20,7.40,7.40,6.85,7.00,303700,7.00
NYSE,QXM,2008-05-19,7.68,7.69,7.18,7.23,233000,7.23
NYSE,QXM,2008-05-16,7.50,7.70,7.35,7.52,187700,7.52
NYSE,QXM,2008-05-15,7.02,7.47,6.98,7.45,193500,7.45
NYSE,QXM,2008-05-14,6.88,7.00,6.85,6.94,85800,6.94
NYSE,QXM,2008-05-13,6.75,6.88,6.73,6.79,56100,6.79
NYSE,QXM,2008-05-12,6.71,6.75,6.64,6.72,52500,6.72
NYSE,QXM,2008-05-09,6.71,6.71,6.53,6.60,50200,6.60
NYSE,QXM,2008-05-08,6.89,6.89,6.56,6.61,64800,6.61
NYSE,QXM,2008-05-07,6.65,6.93,6.65,6.81,104100,6.81
NYSE,QXM,2008-05-06,6.72,6.85,6.70,6.74,75800,6.74
NYSE,QXM,2008-05-05,6.69,6.87,6.65,6.82,121600,6.82
NYSE,QXM,2008-05-02,6.57,6.70,6.57,6.62,63100,6.62
NYSE,QXM,2008-05-01,6.40,6.71,6.40,6.57,64800,6.57
NYSE,QXM,2008-04-30,6.43,6.59,6.33,6.43,158800,6.43
NYSE,QXM,2008-04-29,6.40,6.55,6.30,6.50,138400,6.50
NYSE,QXM,2008-04-28,6.44,6.46,6.19,6.32,185100,6.32
NYSE,QXM,2008-04-25,6.51,6.59,6.37,6.46,100800,6.46
NYSE,QXM,2008-04-24,6.35,6.55,6.24,6.51,159000,6.51
NYSE,QXM,2008-04-23,6.50,6.61,6.35,6.50,117300,6.50
NYSE,QXM,2008-04-22,6.57,6.73,6.35,6.52,173000,6.52
NYSE,QXM,2008-04-21,6.99,7.09,6.40,6.55,655600,6.55
NYSE,QXM,2008-04-18,7.80,7.85,7.51,7.69,193100,7.69
NYSE,QXM,2008-04-17,7.62,7.79,7.55,7.75,162100,7.75
NYSE,QXM,2008-04-16,7.52,7.64,7.41,7.58,115600,7.58
NYSE,QXM,2008-04-15,7.45,7.45,7.16,7.40,117300,7.40
NYSE,QXM,2008-04-14,7.15,7.88,7.15,7.41,173000,7.41
NYSE,QXM,2008-04-11,7.03,7.20,7.00,7.13,82700,7.13
NYSE,QXM,2008-04-10,7.18,7.25,7.05,7.16,76900,7.16
NYSE,QXM,2008-04-09,7.05,7.25,6.93,7.13,98800,7.13
NYSE,QXM,2008-04-08,7.10,7.15,6.94,7.08,96300,7.08
NYSE,QXM,2008-04-07,6.69,7.29,6.61,7.08,164000,7.08
NYSE,QXM,2008-04-04,6.61,7.13,6.41,6.69,309700,6.69
NYSE,QXM,2008-04-03,6.28,6.67,6.21,6.67,89100,6.67
NYSE,QXM,2008-04-02,6.21,6.48,6.17,6.25,106100,6.25
NYSE,QXM,2008-04-01,6.09,6.20,5.87,6.20,73900,6.20
NYSE,QXM,2008-03-31,6.04,6.05,5.82,6.01,64600,6.01
NYSE,QXM,2008-03-28,6.05,6.09,5.94,6.04,47600,6.04
NYSE,QXM,2008-03-27,6.15,6.21,5.95,5.96,66200,5.96
NYSE,QXM,2008-03-26,6.35,6.35,5.99,6.11,109300,6.11
NYSE,QXM,2008-03-25,6.10,6.27,5.95,6.26,81100,6.26
NYSE,QXM,2008-03-24,5.65,6.14,5.62,6.10,176200,6.10
NYSE,QXM,2008-03-20,5.58,5.70,5.50,5.70,95100,5.70
NYSE,QXM,2008-03-19,5.77,5.80,5.57,5.62,75000,5.62
NYSE,QXM,2008-03-18,5.75,5.84,5.66,5.76,130900,5.76
NYSE,QXM,2008-03-17,5.74,6.32,5.64,5.72,180300,5.72
NYSE,QXM,2008-03-14,6.00,6.10,5.88,6.00,68900,6.00
NYSE,QXM,2008-03-13,6.00,6.02,5.86,5.95,92500,5.95
NYSE,QXM,2008-03-12,5.81,6.23,5.70,6.02,190800,6.02
NYSE,QXM,2008-03-11,5.65,5.90,5.64,5.74,174400,5.74
NYSE,QXM,2008-03-10,6.02,6.02,5.54,5.56,181800,5.56
NYSE,QXM,2008-03-07,6.27,6.29,6.00,6.02,260300,6.02
NYSE,QXM,2008-03-06,6.67,6.75,6.29,6.32,123000,6.32
NYSE,QXM,2008-03-05,6.69,6.92,6.58,6.77,109700,6.77
NYSE,QXM,2008-03-04,6.70,6.76,6.41,6.57,158500,6.57
NYSE,QXM,2008-03-03,7.00,7.00,6.70,6.78,210300,6.78
NYSE,QXM,2008-02-29,7.08,7.12,6.95,6.98,74900,6.98
NYSE,QXM,2008-02-28,7.15,7.24,7.02,7.08,107700,7.08
NYSE,QXM,2008-02-27,6.93,7.29,6.93,7.09,163300,7.09
NYSE,QXM,2008-02-26,7.00,7.19,6.94,7.04,222600,7.04
NYSE,QXM,2008-02-25,6.95,7.20,6.93,7.00,222000,7.00
NYSE,QXM,2008-02-22,7.36,7.58,7.05,7.11,219400,7.11
NYSE,QXM,2008-02-21,7.90,7.90,7.32,7.36,207400,7.36
NYSE,QXM,2008-02-20,7.68,7.93,7.51,7.90,187800,7.90
NYSE,QXM,2008-02-19,7.78,7.88,7.60,7.71,89700,7.71
NYSE,QXM,2008-02-15,7.81,7.84,7.74,7.78,100800,7.78
NYSE,QXM,2008-02-14,8.25,8.25,7.87,7.95,94600,7.95
NYSE,QXM,2008-02-13,7.92,8.25,7.92,8.17,117200,8.17
NYSE,QXM,2008-02-12,7.95,8.07,7.80,7.98,111700,7.98
NYSE,QXM,2008-02-11,7.90,7.96,7.73,7.85,78800,7.85
NYSE,QXM,2008-02-08,8.02,8.10,7.90,8.00,51500,8.00
NYSE,QXM,2008-02-07,7.73,8.12,7.70,7.95,80700,7.95
NYSE,QXM,2008-02-06,8.33,8.35,7.84,7.89,122500,7.89
NYSE,QXM,2008-02-05,8.59,8.64,8.20,8.21,112500,8.21
NYSE,QXM,2008-02-04,8.36,8.89,8.36,8.63,165900,8.63
NYSE,QXM,2008-02-01,8.24,8.55,8.23,8.30,105300,8.30
NYSE,QXM,2008-01-31,8.30,8.37,8.04,8.26,148900,8.26
NYSE,QXM,2008-01-30,7.60,8.52,7.57,8.47,419100,8.47
NYSE,QXM,2008-01-29,7.80,7.89,7.64,7.78,86600,7.78
NYSE,QXM,2008-01-28,7.46,7.76,7.38,7.71,69400,7.71
NYSE,QXM,2008-01-25,8.14,8.14,7.51,7.55,94500,7.55
NYSE,QXM,2008-01-24,7.85,7.95,7.56,7.70,113800,7.70
NYSE,QXM,2008-01-23,7.52,7.59,7.03,7.59,224200,7.59
NYSE,QXM,2008-01-22,7.00,7.76,6.67,7.74,314200,7.74
NYSE,QXM,2008-01-18,8.36,8.36,7.63,7.75,220000,7.75
NYSE,QXM,2008-01-17,8.10,8.39,7.86,7.95,132900,7.95
NYSE,QXM,2008-01-16,8.18,8.35,7.80,8.20,147800,8.20
NYSE,QXM,2008-01-15,8.49,8.49,8.13,8.16,103500,8.16
NYSE,QXM,2008-01-14,8.17,8.69,8.08,8.64,228800,8.64
NYSE,QXM,2008-01-11,8.23,8.23,7.82,8.17,175000,8.17
NYSE,QXM,2008-01-10,7.76,8.36,7.67,8.23,123000,8.23
NYSE,QXM,2008-01-09,8.26,8.26,7.57,7.91,176300,7.91
NYSE,QXM,2008-01-08,8.17,8.32,8.05,8.13,205500,8.13
NYSE,QXM,2008-01-07,8.18,8.26,7.67,8.07,278700,8.07
NYSE,QXM,2008-01-04,8.47,8.48,8.04,8.15,169100,8.15
NYSE,QXM,2008-01-03,8.63,8.76,8.45,8.60,108300,8.60
NYSE,QXM,2008-01-02,8.56,8.63,8.21,8.63,165200,8.63
NYSE,QXM,2007-12-31,8.84,8.84,8.42,8.45,171300,8.45
NYSE,QXM,2007-12-28,9.11,9.35,8.49,8.90,276500,8.90
NYSE,QXM,2007-12-27,8.77,9.57,8.77,9.03,456800,9.03
NYSE,QXM,2007-12-26,8.26,8.64,8.11,8.64,213500,8.64
NYSE,QXM,2007-12-24,8.42,8.42,8.18,8.33,82900,8.33
NYSE,QXM,2007-12-21,8.18,8.40,8.10,8.28,245600,8.28
NYSE,QXM,2007-12-20,8.27,8.39,7.91,8.25,509700,8.25
NYSE,QXM,2007-12-19,8.65,8.87,8.46,8.60,256900,8.60
NYSE,QXM,2007-12-18,8.48,8.68,8.23,8.66,179600,8.66
NYSE,QXM,2007-12-17,8.00,8.56,7.95,8.32,282300,8.32
NYSE,QXM,2007-12-14,8.09,8.28,8.01,8.03,153400,8.03
NYSE,QXM,2007-12-13,8.21,8.27,8.02,8.17,148500,8.17
NYSE,QXM,2007-12-12,8.45,8.62,8.20,8.30,230600,8.30
NYSE,QXM,2007-12-11,8.90,8.90,8.16,8.26,227000,8.26
NYSE,QXM,2007-12-10,8.60,8.92,8.50,8.72,196200,8.72
NYSE,QXM,2007-12-07,8.85,8.92,8.42,8.49,165300,8.49
NYSE,QXM,2007-12-06,8.70,9.03,8.63,8.84,278400,8.84
NYSE,QXM,2007-12-05,8.19,8.82,8.17,8.53,296400,8.53
NYSE,QXM,2007-12-04,7.78,8.11,7.62,8.00,229300,8.00
NYSE,QXM,2007-12-03,7.91,8.02,7.77,7.87,268900,7.87
NYSE,QXM,2007-11-30,8.30,8.44,7.91,7.97,222000,7.97
NYSE,QXM,2007-11-29,8.22,8.30,7.80,8.09,357200,8.09
NYSE,QXM,2007-11-28,7.00,8.44,7.00,8.22,851500,8.22
NYSE,QXM,2007-11-27,7.35,7.50,7.00,7.15,449100,7.15
NYSE,QXM,2007-11-26,7.67,7.73,7.29,7.36,453600,7.36
NYSE,QXM,2007-11-23,7.88,8.20,7.50,7.57,293200,7.57
NYSE,QXM,2007-11-21,7.26,8.23,6.76,7.91,1331200,7.91
NYSE,QXM,2007-11-20,8.41,8.75,7.37,7.50,1080000,7.50
NYSE,QXM,2007-11-19,9.33,9.39,8.40,8.45,466500,8.45
NYSE,QXM,2007-11-16,9.89,9.94,8.10,9.39,1471800,9.39
NYSE,QXM,2007-11-15,10.22,10.22,9.40,9.64,607700,9.64
NYSE,QXM,2007-11-14,9.76,10.35,9.65,10.21,912300,10.21
NYSE,QXM,2007-11-13,8.87,9.70,8.85,9.69,541400,9.69
NYSE,QXM,2007-11-12,8.96,9.01,8.58,8.85,603200,8.85
NYSE,QXM,2007-11-09,8.81,9.00,8.60,8.83,487600,8.83
NYSE,QXM,2007-11-08,9.96,9.96,8.70,9.05,625100,9.05
NYSE,QXM,2007-11-07,9.48,10.21,9.48,9.71,439600,9.71
NYSE,QXM,2007-11-06,9.95,10.06,9.25,9.81,622100,9.81
NYSE,QXM,2007-11-05,10.15,10.35,9.80,9.92,516400,9.92
NYSE,QXM,2007-11-02,10.76,11.01,10.08,10.34,481300,10.34
NYSE,QXM,2007-11-01,11.34,11.34,10.52,10.61,473000,10.61
NYSE,QXM,2007-10-31,11.82,11.90,11.28,11.41,362500,11.41
NYSE,QXM,2007-10-30,11.29,11.99,11.01,11.73,511900,11.73
NYSE,QXM,2007-10-29,11.77,11.93,11.02,11.28,392300,11.28
NYSE,QXM,2007-10-26,12.08,12.40,11.45,11.61,475800,11.61
NYSE,QXM,2007-10-25,11.89,12.00,11.21,11.54,439500,11.54
NYSE,QXM,2007-10-24,12.20,12.24,11.18,11.79,720200,11.79
NYSE,QXM,2007-10-23,10.97,12.36,10.75,12.34,1360200,12.34
NYSE,QXM,2007-10-22,10.93,11.20,10.44,10.70,992200,10.70
NYSE,QXM,2007-10-19,12.20,12.20,11.16,11.20,696800,11.20
NYSE,QXM,2007-10-18,12.31,12.76,12.01,12.18,705900,12.18
NYSE,QXM,2007-10-17,13.05,13.20,12.01,12.45,850200,12.45
NYSE,QXM,2007-10-16,13.23,13.28,12.50,12.55,718300,12.55
NYSE,QXM,2007-10-15,14.03,14.49,13.11,13.50,868100,13.50
NYSE,QXM,2007-10-12,14.07,14.12,12.76,13.84,1521300,13.84
NYSE,QXM,2007-10-11,14.01,15.48,13.02,14.00,4536700,14.00
NYSE,QXM,2007-10-10,12.51,13.85,12.31,13.21,2868900,13.21
NYSE,QXM,2007-10-09,10.70,12.00,10.63,11.75,1754300,11.75
NYSE,QXM,2007-10-08,9.60,10.35,9.60,10.30,525200,10.30
NYSE,QXM,2007-10-05,9.30,9.85,9.11,9.51,227600,9.51
NYSE,QXM,2007-10-04,9.41,9.85,9.04,9.09,497200,9.09
NYSE,QXM,2007-10-03,9.90,9.90,9.30,9.36,317100,9.36
NYSE,QXM,2007-10-02,9.91,10.07,9.56,9.71,339900,9.71
NYSE,QXM,2007-10-01,9.84,9.99,9.75,9.81,391700,9.81
NYSE,QXM,2007-09-28,10.32,10.65,9.69,9.75,553600,9.75
NYSE,QXM,2007-09-27,10.19,10.25,9.86,10.23,382400,10.23
NYSE,QXM,2007-09-26,9.96,10.17,9.66,9.82,308300,9.82
NYSE,QXM,2007-09-25,9.58,10.10,9.37,9.86,354400,9.86
NYSE,QXM,2007-09-24,10.63,10.75,9.54,9.68,491900,9.68
NYSE,QXM,2007-09-21,10.29,10.50,10.12,10.37,558900,10.37
NYSE,QXM,2007-09-20,9.25,10.15,9.25,9.79,565000,9.79
NYSE,QXM,2007-09-19,8.17,9.29,8.17,9.20,565100,9.20
NYSE,QXM,2007-09-18,8.20,8.20,8.01,8.15,111400,8.15
NYSE,QXM,2007-09-17,8.05,8.20,7.86,8.20,194100,8.20
NYSE,QXM,2007-09-14,7.75,7.85,7.72,7.76,33200,7.76
NYSE,QXM,2007-09-13,7.80,7.89,7.55,7.76,102500,7.76
NYSE,QXM,2007-09-12,7.85,7.95,7.81,7.81,51900,7.81
NYSE,QXM,2007-09-11,7.95,7.96,7.70,7.83,168500,7.83
NYSE,QXM,2007-09-10,7.85,7.96,7.82,7.85,57200,7.85
NYSE,QXM,2007-09-07,7.79,7.81,7.65,7.80,43400,7.80
NYSE,QXM,2007-09-06,7.91,7.93,7.80,7.87,48800,7.87
NYSE,QXM,2007-09-05,8.10,8.25,7.80,7.83,158900,7.83
NYSE,QXM,2007-09-04,8.12,8.27,7.79,7.79,197700,7.79
NYSE,QXM,2007-08-31,8.27,8.33,8.12,8.16,67400,8.16
NYSE,QXM,2007-08-30,8.22,8.35,8.18,8.20,130600,8.20
NYSE,QXM,2007-08-29,8.70,8.70,8.25,8.34,141100,8.34
NYSE,QXM,2007-08-28,9.00,9.00,8.07,8.48,68300,8.48
NYSE,QXM,2007-08-27,8.52,9.10,8.49,8.98,158700,8.98
NYSE,QXM,2007-08-24,8.30,8.67,8.30,8.44,62300,8.44
NYSE,QXM,2007-08-23,8.82,8.98,8.21,8.32,84100,8.32
NYSE,QXM,2007-08-22,8.70,8.99,8.53,8.86,245300,8.86
NYSE,QXM,2007-08-21,8.15,8.78,7.87,8.45,177800,8.45
NYSE,QXM,2007-08-20,8.59,8.60,8.06,8.07,143300,8.07
NYSE,QXM,2007-08-17,8.26,8.65,8.11,8.27,131700,8.27
NYSE,QXM,2007-08-16,9.01,9.01,7.82,8.13,400500,8.13
NYSE,QXM,2007-08-15,9.02,9.13,7.05,8.81,242500,8.81
NYSE,QXM,2007-08-14,8.79,9.12,8.74,9.05,255600,9.05
NYSE,QXM,2007-08-13,8.66,8.74,8.50,8.74,175600,8.74
NYSE,QXM,2007-08-10,8.20,8.54,8.00,8.44,144700,8.44
NYSE,QXM,2007-08-09,8.02,8.28,7.97,8.21,192500,8.21
NYSE,QXM,2007-08-08,7.45,8.05,7.36,8.02,222900,8.02
NYSE,QXM,2007-08-07,7.48,7.49,7.19,7.38,105600,7.38
NYSE,QXM,2007-08-06,7.95,7.95,7.17,7.57,138000,7.57
NYSE,QXM,2007-08-03,8.00,8.09,7.82,7.87,364000,7.87
NYSE,QXM,2007-08-02,7.72,8.01,7.65,8.01,232500,8.01
NYSE,QXM,2007-08-01,7.85,7.95,7.50,7.82,352100,7.82
NYSE,QXM,2007-07-31,7.90,8.09,7.82,7.93,219900,7.93
NYSE,QXM,2007-07-30,7.80,7.94,7.50,7.82,259200,7.82
NYSE,QXM,2007-07-27,8.00,8.10,7.45,7.63,334200,7.63
NYSE,QXM,2007-07-26,7.34,7.55,7.27,7.45,505500,7.45
NYSE,QXM,2007-07-25,8.25,8.29,6.92,7.37,854800,7.37
NYSE,QXM,2007-07-24,8.68,8.85,8.00,8.14,378400,8.14
NYSE,QXM,2007-07-23,8.85,8.88,8.51,8.59,186600,8.59
NYSE,QXM,2007-07-20,8.80,8.91,8.75,8.79,159500,8.79
NYSE,QXM,2007-07-19,8.88,9.09,8.78,8.81,268600,8.81
NYSE,QXM,2007-07-18,8.71,9.10,8.71,8.90,202300,8.90
NYSE,QXM,2007-07-17,9.00,9.14,8.78,9.00,583300,9.00
NYSE,QXM,2007-07-16,10.15,10.30,9.47,9.52,663600,9.52
NYSE,QXM,2007-07-13,9.30,9.95,9.28,9.84,963400,9.84
NYSE,QXM,2007-07-12,9.25,9.30,9.01,9.15,263100,9.15
NYSE,QXM,2007-07-11,9.40,9.45,9.17,9.19,225200,9.19
NYSE,QXM,2007-07-10,9.25,9.37,9.15,9.33,322700,9.33
NYSE,QXM,2007-07-09,9.40,9.40,9.16,9.20,349700,9.20
NYSE,QXM,2007-07-06,9.41,9.58,9.33,9.47,246400,9.47
NYSE,QXM,2007-07-05,9.36,9.50,9.26,9.47,164800,9.47
NYSE,QXM,2007-07-03,9.40,9.49,9.31,9.35,118900,9.35
NYSE,QXM,2007-07-02,9.43,9.61,9.33,9.33,90100,9.33
NYSE,QXM,2007-06-29,9.60,9.90,9.41,9.43,81000,9.43
NYSE,QXM,2007-06-28,9.34,9.70,9.22,9.46,362000,9.46
NYSE,QXM,2007-06-27,9.13,9.35,9.10,9.25,138300,9.25
NYSE,QXM,2007-06-26,9.50,9.58,9.10,9.16,116500,9.16
NYSE,QXM,2007-06-25,9.42,9.90,9.35,9.46,47300,9.46
NYSE,QXM,2007-06-22,9.78,9.84,9.37,9.43,199800,9.43
NYSE,QXM,2007-06-21,9.95,10.10,9.75,9.90,76100,9.90
NYSE,QXM,2007-06-20,10.10,10.33,9.75,9.83,186800,9.83
NYSE,QXM,2007-06-19,10.11,10.28,9.90,10.14,175000,10.14
NYSE,QXM,2007-06-18,10.40,10.55,10.10,10.21,190300,10.21
NYSE,QXM,2007-06-15,10.34,10.79,10.30,10.35,451000,10.35
NYSE,QXM,2007-06-14,9.85,10.19,9.70,10.19,298300,10.19
NYSE,QXM,2007-06-13,9.99,10.15,9.58,9.70,134800,9.70
NYSE,QXM,2007-06-12,9.96,10.20,9.75,9.93,273600,9.93
NYSE,QXM,2007-06-11,9.34,9.90,9.30,9.84,282400,9.84
NYSE,QXM,2007-06-08,9.15,9.50,9.10,9.37,238600,9.37
NYSE,QXM,2007-06-07,8.99,9.29,8.92,9.29,471000,9.29
NYSE,QXM,2007-06-06,8.95,9.05,8.75,9.04,179500,9.04
NYSE,QXM,2007-06-05,8.91,9.13,8.53,9.03,380900,9.03
NYSE,QXM,2007-06-04,9.15,9.50,8.88,9.14,213500,9.14
NYSE,QXM,2007-06-01,9.41,9.47,9.26,9.30,97500,9.30
NYSE,QXM,2007-05-31,9.26,9.69,9.25,9.40,251400,9.40
NYSE,QXM,2007-05-30,9.10,9.41,9.03,9.26,147400,9.26
NYSE,QXM,2007-05-29,9.35,9.74,9.30,9.60,108100,9.60
NYSE,QXM,2007-05-25,9.40,9.60,9.30,9.50,121000,9.50
NYSE,QXM,2007-05-24,9.85,9.85,8.64,9.62,766000,9.62
NYSE,QXM,2007-05-23,10.10,10.21,9.79,10.04,347300,10.04
NYSE,QXM,2007-05-22,10.40,10.40,10.06,10.10,144900,10.10
NYSE,QXM,2007-05-21,10.65,10.65,9.98,10.40,778700,10.40
NYSE,QXM,2007-05-18,10.80,10.92,10.65,10.72,209800,10.72
NYSE,QXM,2007-05-17,11.03,11.10,10.91,10.91,284400,10.91
NYSE,QXM,2007-05-16,11.70,11.90,10.96,11.08,889800,11.08
NYSE,QXM,2007-05-15,10.80,10.85,10.59,10.63,205500,10.63
NYSE,QXM,2007-05-14,10.95,11.00,10.40,10.61,323300,10.61
NYSE,QXM,2007-05-11,10.89,11.03,10.55,10.70,264000,10.70
NYSE,QXM,2007-05-10,11.30,11.35,10.80,10.85,262900,10.85
NYSE,QXM,2007-05-09,10.41,11.24,10.41,11.23,375500,11.23
NYSE,QXM,2007-05-08,10.69,10.95,10.35,10.51,854400,10.51
NYSE,QXM,2007-05-07,10.50,11.00,10.30,10.89,593600,10.89
NYSE,QXM,2007-05-04,11.61,11.61,9.54,10.40,1054200,10.40
NYSE,QXM,2007-05-03,12.00,12.45,11.27,11.31,000,11.31
